mean_fit_time,std_fit_time,mean_score_time,std_score_time,param_C,params,split0_test_score,split1_test_score,split2_test_score,split3_test_score,split4_test_score,mean_test_score,std_test_score,rank_test_score
1.129937744140625,0.11034063959839363,0.009525537490844727,0.0012062607279985393,0.1,{'C': 0.1},0.37784256559766766,0.39529411764705885,0.39115250291036086,0.38488783943329397,0.368141592920354,0.3834637237017471,0.009669216745425577,1
1.0336074829101562,0.14954797093543828,0.012330245971679688,0.003836748681194402,1,{'C': 1},0.37784256559766766,0.39529411764705885,0.39115250291036086,0.38488783943329397,0.368141592920354,0.3834637237017471,0.009669216745425577,1
1.0554758548736571,0.1667657629977998,0.01061391830444336,0.002967953591450737,10,{'C': 10},0.37784256559766766,0.39529411764705885,0.39115250291036086,0.38488783943329397,0.368141592920354,0.3834637237017471,0.009669216745425577,1
1.0109944820404053,0.13625141042982267,0.010086679458618164,0.004068412628009829,100,{'C': 100},0.37784256559766766,0.39529411764705885,0.39115250291036086,0.38488783943329397,0.368141592920354,0.3834637237017471,0.009669216745425577,1
