feature,levels,n_rows,precision,recall,f1
sex,Male,4345,0.7598152424942263,0.24644194756554308,0.3721719457013574
sex,Female,2168,0.48484848484848486,0.2962962962962963,0.36781609195402293
