feature,levels,n_rows,precision,recall,f1
sex,Male,4391,0.76,0.26369612856099345,0.3915401301518438
sex,Female,2122,0.515625,0.28448275862068967,0.3666666666666667
